id,path,sha256,exercise,view,expected,label_status,detected,moments,pose_confidence,count_confidence,seconds,status,observations_status
clean-front,uploads/03e7f82b46b6.mp4,18d1c84cb2b0847e24bdcd21cfa834f2bdfed2af722e3fbc20b858fc9804601e,Clean,front,2,provisional,3,2,0.98,high,18.647,COMPLETED,DISABLED: no external provider called
clean-side-diagnostic,uploads/03e7f82b46b6.mp4,18d1c84cb2b0847e24bdcd21cfa834f2bdfed2af722e3fbc20b858fc9804601e,Clean,side,2,provisional,3,2,0.98,high,17.282,COMPLETED,DISABLED: no external provider called
press-negative-control,uploads/4275e6d44d08.mp4,79272521c0676f763f59124570fd1dbbe15ec8150c85624ca3c86d26c247f4a4,Press,front,3,control/excluded,3,0,0.99,high,4.16,COMPLETED,DISABLED: no external provider called
e2e-screencast,app/static/landing-demo.mp4,9c5fdd8c0cd82176b078576c978823f5b3a25ab2027010945a3df2bc0efafaf0,Sentadilla,side,,control/excluded,0,0,0.92,low,7.614,COMPLETED,DISABLED: no external provider called
low-resolution-demo,app/static/landing-analysis-example.mp4,31d7ad258fc31680ce79084e7d37eae34f56bb0e02105c7881101d4ef651ee2f,Press,front,,control/excluded,,0,,,1.105,FAILED,DISABLED: no external provider called
GB_S04_R01,.impeccable/review/exercise-quality/public-videos/GB_S04_R01.mp4,a45c7186f109df4b79c35d051a9094fd0fd44237879a98b5f8681ab3d9732f8b,Deadlift,side,1,source + visual,0,0,0.92,low,3.352,COMPLETED,DISABLED: no external provider called
GB_S07_R11,.impeccable/review/exercise-quality/public-videos/GB_S07_R11.mp4,2ccf15ef900487b602ddce320f9dbbaf0736fe081136f79244495e83e151b969,Deadlift,side,1,source + visual,1,0,0.94,high,3.021,COMPLETED,DISABLED: no external provider called
PB_S04_R01,.impeccable/review/exercise-quality/public-videos/PB_S04_R01.mp4,75549d20af2db7ef4ee56df41c8c33a27734516fc8dfd6c76cfdfd521653a936,Deadlift,side,1,source + visual,1,0,0.95,high,3.613,COMPLETED,DISABLED: no external provider called
PB_S07_R11,.impeccable/review/exercise-quality/public-videos/PB_S07_R11.mp4,91fee4a7cc09e13390c738552ee5196262a12292eec182ba05952d6d4302c16b,Deadlift,side,1,source + visual,1,0,0.95,high,2.84,COMPLETED,DISABLED: no external provider called
LLK_S04_R01,.impeccable/review/exercise-quality/public-videos/LLK_S04_R01.mp4,1d501079a011ecbe1eeb88d6411271b30aecb8fbc35302ec9f54b7b6287279bf,Deadlift,side,1,source + visual,1,0,0.92,high,2.306,COMPLETED,DISABLED: no external provider called
LLK_S07_R11,.impeccable/review/exercise-quality/public-videos/LLK_S07_R11.mp4,47147c6759406c92fc0225472b153cfc288ec62bfc0965298a98508b69740f85,Deadlift,side,1,source + visual,1,0,0.92,high,3.457,COMPLETED,DISABLED: no external provider called
